date,avg_sentiment
2016-01-04,0.5625933
2016-01-05,0.65861416
2016-01-06,0.6573399
2016-01-07,0.57704514
2016-01-08,0.5208939
2016-01-09,0.764708
2016-01-10,0.6971873
2016-01-11,0.58100986
2016-01-12,0.7027861
2016-01-13,0.6553025
2016-01-14,0.5775422
2016-01-15,0.626497
2016-01-16,0.64104956
2016-01-17,0.7153663
2016-01-18,0.7606558
2016-01-19,0.5776595
2016-01-20,0.59770346
2016-01-21,0.659299
2016-01-22,0.6999987
2016-01-23,0.78416514
2016-01-24,0.7391048
2016-01-25,0.5477776
2016-01-26,0.61328113
2016-01-27,0.6969574
2016-01-28,0.60789794
2016-01-29,0.67048585
2016-01-30,0.62242746
2016-01-31,0.69281536
2016-02-01,0.5471108
2016-02-02,0.5681904
2016-02-03,0.5407329
2016-02-04,0.57133996
2016-02-05,0.5399503
2016-02-06,0.6550601
2016-02-07,0.6864587
2016-02-08,0.54382354
2016-02-09,0.59045553
2016-02-10,0.5103448
2016-02-11,0.55344623
2016-02-12,0.59810996
2016-02-13,0.7385659
2016-02-14,0.707462
2016-02-15,0.71734303
2016-02-16,0.63057876
2016-02-17,0.65619856
2016-02-18,0.61476266
2016-02-19,0.6897704
2016-02-20,0.7985321
2016-02-21,0.8040782
2016-02-22,0.5862507
2016-02-23,0.6705127
2016-02-24,0.64391285
2016-02-25,0.607915
2016-02-26,0.5883794
2016-02-27,0.64427865
2016-02-28,0.7264252
2016-02-29,0.6093856
2016-03-01,0.55128175
2016-03-02,0.54102635
2016-03-03,0.5783277
2016-03-04,0.57830065
2016-03-05,0.60675406
2016-03-06,0.74653196
2016-03-07,0.5194753
2016-03-08,0.5556817
2016-03-09,0.5503886
2016-03-10,0.5674113
2016-03-11,0.676579
2016-03-12,0.4848979
2016-03-13,0.7437039
2016-03-14,0.45023736
2016-03-15,0.53763366
2016-03-16,0.57593966
2016-03-17,0.50871164
2016-03-18,0.51454085
2016-03-19,0.77892464
2016-03-20,0.58383197
2016-03-21,0.48098353
2016-03-22,0.54284656
2016-03-23,0.51357454
2016-03-24,0.5084609
2016-03-25,0.60156786
2016-03-26,0.67355007
2016-03-27,0.6762033
2016-03-28,0.57720053
2016-03-29,0.57720226
2016-03-30,0.54781026
2016-03-31,0.65044725
2016-04-01,0.54259974
2016-04-02,0.57404685
2016-04-03,0.5505574
2016-04-04,0.5232937
2016-04-05,0.52370656
2016-04-06,0.5333542
2016-04-07,0.5312247
2016-04-08,0.57941896
2016-04-09,0.62143475
2016-04-10,0.64299214
2016-04-11,0.5634432
2016-04-12,0.542532
2016-04-13,0.6201129
2016-04-14,0.5792982
2016-04-15,0.5567785
2016-04-16,0.7251177
2016-04-17,0.69693846
2016-04-18,0.57881516
2016-04-19,0.5295164
2016-04-20,0.58099794
2016-04-21,0.58252347
2016-04-22,0.60941195
2016-04-23,0.69968694
2016-04-24,0.6394826
2016-04-25,0.52611077
2016-04-26,0.5723329
2016-04-27,0.5951761
2016-04-28,0.6155349
2016-04-29,0.6151112
2016-04-30,0.7480658
2016-05-01,0.6785032
2016-05-02,0.5701615
2016-05-03,0.63418585
2016-05-04,0.48496568
2016-05-05,0.5121822
2016-05-06,0.62865263
2016-05-07,0.6816884
2016-05-08,0.743869
2016-05-09,0.55675614
2016-05-10,0.5835422
2016-05-11,0.6527449
2016-05-12,0.55561036
2016-05-13,0.63904667
2016-05-14,0.7049262
2016-05-15,0.67839575
2016-05-16,0.62320596
2016-05-17,0.6214779
2016-05-18,0.525174
2016-05-19,0.56834936
2016-05-20,0.5842927
2016-05-21,0.6087015
2016-05-22,0.6825108
2016-05-23,0.59498847
2016-05-24,0.6051469
2016-05-25,0.6073362
2016-05-26,0.56406444
2016-05-27,0.6327948
2016-05-28,0.74598527
2016-05-29,0.6610068
2016-05-30,0.7031809
2016-05-31,0.64649975
2016-06-01,0.63695747
2016-06-02,0.6120659
2016-06-03,0.6016478
2016-06-04,0.6776795
2016-06-05,0.70407957
2016-06-06,0.6203688
2016-06-07,0.50498927
2016-06-08,0.5303239
2016-06-09,0.55974996
2016-06-10,0.6051706
2016-06-11,0.64368236
2016-06-12,0.7674723
2016-06-13,0.6343619
2016-06-14,0.5640207
2016-06-15,0.5720538
2016-06-16,0.5848191
2016-06-17,0.57076305
2016-06-18,0.7100634
2016-06-19,0.77576935
2016-06-20,0.58182526
2016-06-21,0.5841384
2016-06-22,0.5982456
2016-06-23,0.55070287
2016-06-24,0.60576046
2016-06-25,0.7019602
2016-06-26,0.75044733
2016-06-27,0.5436461
2016-06-28,0.5326065
2016-06-29,0.5961875
2016-06-30,0.52362853
2016-07-01,0.5813728
2016-07-02,0.67535293
2016-07-03,0.55886513
2016-07-04,0.55584747
2016-07-05,0.55173385
2016-07-06,0.62450737
2016-07-07,0.61061746
2016-07-08,0.49764547
2016-07-09,0.73683745
2016-07-10,0.7019861
2016-07-11,0.5880717
2016-07-12,0.626231
2016-07-13,0.5984273
2016-07-14,0.6185529
2016-07-15,0.6469235
2016-07-16,0.7693883
2016-07-17,0.7552292
2016-07-18,0.5833815
2016-07-19,0.5877408
2016-07-20,0.6162854
2016-07-21,0.6836141
2016-07-22,0.6304045
2016-07-23,0.7667089
2016-07-24,0.58087325
2016-07-25,0.5693231
2016-07-26,0.5836351
2016-07-27,0.5144641
2016-07-28,0.6292167
2016-07-29,0.6247359
2016-07-30,0.72058296
2016-07-31,0.70453537
2016-08-01,0.6014829
2016-08-02,0.57531273
2016-08-03,0.5541427
2016-08-04,0.57202154
2016-08-05,0.6237162
2016-08-06,0.6877322
2016-08-07,0.7445231
2016-08-08,0.61336464
2016-08-09,0.61851823
2016-08-10,0.6300824
2016-08-11,0.63362074
2016-08-12,0.63266706
2016-08-13,0.7419206
2016-08-14,0.73109055
2016-08-15,0.6147076
2016-08-16,0.6215643
2016-08-17,0.6489834
2016-08-18,0.6345448
2016-08-19,0.6233056
2016-08-20,0.73863614
2016-08-21,0.7541674
2016-08-22,0.690007
2016-08-23,0.62040824
2016-08-24,0.6677356
2016-08-25,0.63478935
2016-08-26,0.6083276
2016-08-27,0.6974154
2016-08-28,0.78792787
2016-08-29,0.6256023
2016-08-30,0.6063025
2016-08-31,0.566075
2016-09-01,0.5491936
2016-09-02,0.5988843
2016-09-03,0.67872745
2016-09-04,0.7360233
2016-09-05,0.6365264
2016-09-06,0.6119415
2016-09-07,0.50768226
2016-09-08,0.6265867
2016-09-09,0.54301465
2016-09-10,0.6855473
2016-09-11,0.63572633
2016-09-12,0.59468025
2016-09-13,0.5889111
2016-09-14,0.60009825
2016-09-15,0.52229273
2016-09-16,0.5823039
2016-09-17,0.6874967
2016-09-18,0.7048559
2016-09-19,0.62641615
2016-09-20,0.6713054
2016-09-21,0.6292985
2016-09-22,0.53732646
2016-09-23,0.5668497
2016-09-24,0.77172023
2016-09-25,0.75427645
2016-09-26,0.6158471
2016-09-27,0.57818145
2016-09-28,0.6289102
2016-09-29,0.62900424
2016-09-30,0.57401735
2016-10-01,0.79372925
2016-10-02,0.31899503
2016-10-03,0.36221686
2016-10-04,0.56336707
2016-10-05,0.5791921
2016-10-06,0.5442637
2016-10-07,0.63251024
2016-10-08,0.6447409
2016-10-09,0.683142
2016-10-10,0.60532284
2016-10-11,0.637908
2016-10-12,0.6564603
2016-10-13,0.5795897
2016-10-14,0.62956965
2016-10-15,0.74678075
2016-10-16,0.6313369
2016-10-17,0.56002235
2016-10-18,0.6307796
2016-10-19,0.60682994
2016-10-20,0.6058641
2016-10-21,0.63422924
2016-10-22,0.77833456
2016-10-23,0.7561867
2016-10-24,0.60956174
2016-10-25,0.66337866
2016-10-26,0.4743339
2016-10-27,0.5465491
2016-10-28,0.6147521
2016-10-29,0.6991504
2016-10-30,0.73408955
2016-10-31,0.6457705
2016-11-01,0.5884099
2016-11-02,0.57929343
2016-11-03,0.6643993
2016-11-04,0.6095497
2016-11-05,0.7194978
2016-11-06,0.7587987
2016-11-07,0.65909714
2016-11-08,0.6293095
2016-11-09,0.59712535
2016-11-10,0.5759466
2016-11-11,0.55459064
2016-11-12,0.73563886
2016-11-13,0.6788179
2016-11-14,0.61877376
2016-11-15,0.5937639
2016-11-16,0.6396254
2016-11-17,0.6156351
2016-11-18,0.6191933
2016-11-19,0.63342786
2016-11-20,0.70387864
2016-11-21,0.67575663
2016-11-22,0.6112246
2016-11-23,0.60104734
2016-11-24,0.7221299
2016-11-25,0.667086
2016-11-26,0.70765644
2016-11-27,0.7044172
2016-11-28,0.52731776
2016-11-29,0.5666789
2016-11-30,0.56943583
2016-12-01,0.5226363
2016-12-02,0.5608088
2016-12-03,0.67743826
2016-12-04,0.73542196
2016-12-05,0.54740936
2016-12-06,0.65540826
2016-12-07,0.53737575
2016-12-08,0.6483951
2016-12-09,0.6018679
2016-12-10,0.67162204
2016-12-11,0.7101922
2016-12-12,0.5920592
2016-12-13,0.5489876
2016-12-14,0.5768387
2016-12-15,0.62397516
2016-12-16,0.6192573
2016-12-17,0.70242274
2016-12-18,0.70967025
2016-12-19,0.5735706
2016-12-20,0.5734819
2016-12-21,0.49598148
2016-12-22,0.5807518
2016-12-23,0.5559521
2016-12-24,0.68258667
2016-12-25,0.6429638
2016-12-26,0.642785
2016-12-27,0.49063337
2016-12-28,0.60326165
2016-12-29,0.5908964
2016-12-30,0.52156395
2016-12-31,0.7211898
2017-01-01,0.71400434
2017-01-02,0.7080028
2017-01-03,0.538774
2017-01-04,0.4691292
2017-01-05,0.54540294
2017-01-06,0.5693122
2017-01-07,0.6944407
2017-01-08,0.62902325
2017-01-09,0.53985476
2017-01-10,0.59183043
2017-01-11,0.6005229
2017-01-12,0.56216145
2017-01-13,0.5783163
2017-01-14,0.6703944
2017-01-15,0.7541193
2017-01-16,0.689105
2017-01-17,0.6176905
2017-01-18,0.5922849
2017-01-19,0.4107186
2017-01-20,0.4835568
2017-01-21,0.67430454
2017-01-22,0.6133296
2017-01-23,0.54873496
2017-01-24,0.5452332
2017-01-25,0.5411356
2017-01-26,0.5988162
2017-01-27,0.6304134
2017-01-28,0.7258868
2017-01-29,0.679803
2017-01-30,0.5861094
2017-01-31,0.5028598
2017-02-01,0.55567795
2017-02-02,0.5217757
2017-02-03,0.61371344
2017-02-04,0.6963754
2017-02-05,0.5937755
2017-02-06,0.4835831
2017-02-07,0.52173376
2017-02-08,0.5540245
2017-02-09,0.5423668
2017-02-10,0.58680725
2017-02-11,0.7320647
2017-02-12,0.6869644
2017-02-13,0.5211242
2017-02-14,0.5051919
2017-02-15,0.5321017
2017-02-16,0.54444337
2017-02-17,0.5695197
2017-02-18,0.5953486
2017-02-19,0.71653664
2017-02-20,0.61967295
2017-02-21,0.5433046
2017-02-22,0.5086623
2017-02-23,0.5109712
2017-02-24,0.5485816
2017-02-25,0.68140817
2017-02-26,0.66510886
2017-02-27,0.47678
2017-02-28,0.54523194
2017-03-01,0.54959834
2017-03-02,0.6027759
2017-03-03,0.6080355
2017-03-04,0.64535105
2017-03-05,0.71782297
2017-03-06,0.6356207
2017-03-07,0.5822918
2017-03-08,0.6096272
2017-03-09,0.6148394
2017-03-10,0.5937652
2017-03-11,0.64594966
2017-03-12,0.68322474
2017-03-13,0.5756255
2017-03-14,0.56417066
2017-03-15,0.5381646
2017-03-16,0.555088
2017-03-17,0.5639225
2017-03-18,0.6740371
2017-03-19,0.5682094
2017-03-20,0.5215279
2017-03-21,0.5441999
2017-03-22,0.562925
2017-03-23,0.5833295
2017-03-24,0.58011585
2017-03-25,0.59122026
2017-03-26,0.5834403
2017-03-27,0.5455496
2017-03-28,0.51693153
2017-03-29,0.60035026
2017-03-30,0.5887092
2017-03-31,0.6042706
2017-04-01,0.6509433
2017-04-02,0.41474995
2017-04-03,0.4273629
2017-04-04,0.50042397
2017-04-05,0.57052046
2017-04-06,0.49729198
2017-04-07,0.55236727
2017-04-08,0.6842053
2017-04-09,0.64575744
2017-04-10,0.44474453
2017-04-11,0.5622663
2017-04-12,0.5845595
2017-04-13,0.5857435
2017-04-14,0.6567753
2017-04-15,0.6032692
2017-04-16,0.647109
2017-04-17,0.5746087
2017-04-18,0.5455893
2017-04-19,0.5581735
2017-04-20,0.55672705
2017-04-21,0.58030593
2017-04-22,0.62801504
2017-04-23,0.65071553
2017-04-24,0.5327215
2017-04-25,0.56624496
2017-04-26,0.5047136
2017-04-27,0.608104
2017-04-28,0.6376424
2017-04-29,0.64139634
2017-04-30,0.56226134
2017-05-01,0.5088705
2017-05-02,0.6059348
2017-05-03,0.534558
2017-05-04,0.5672912
2017-05-05,0.557632
2017-05-06,0.666381
2017-05-07,0.62013
2017-05-08,0.5213875
2017-05-09,0.56598
2017-05-10,0.56401825
2017-05-11,0.62746406
2017-05-12,0.624542
2017-05-13,0.62087464
2017-05-14,0.6992821
2017-05-15,0.55606455
2017-05-16,0.5823813
2017-05-17,0.5958493
2017-05-18,0.540322
2017-05-19,0.6239452
2017-05-20,0.60456973
2017-05-21,0.70661014
2017-05-22,0.5831037
2017-05-23,0.5866855
2017-05-24,0.5270436
2017-05-25,0.5335434
2017-05-26,0.59542716
2017-05-27,0.62311715
2017-05-28,0.6985761
2017-05-29,0.6279106
2017-05-30,0.5308222
2017-05-31,0.53625214
2017-06-01,0.5432855
2017-06-02,0.61233217
2017-06-03,0.6470812
2017-06-04,0.6278447
2017-06-05,0.5614174
2017-06-06,0.5326968
2017-06-07,0.6202413
2017-06-08,0.57074493
2017-06-09,0.56498265
2017-06-10,0.6493603
2017-06-11,0.72977626
2017-06-12,0.56948507
2017-06-13,0.5022559
2017-06-14,0.5412819
2017-06-15,0.5462875
2017-06-16,0.641332
2017-06-17,0.64603406
2017-06-18,0.7116034
2017-06-19,0.5583322
2017-06-20,0.5328393
2017-06-21,0.5675663
2017-06-22,0.55854094
2017-06-23,0.6024824
2017-06-24,0.701012
2017-06-25,0.7115468
2017-06-26,0.56879365
2017-06-27,0.5959428
2017-06-28,0.6651741
2017-06-29,0.6343786
2017-06-30,0.6596237
2017-07-01,0.6553754
2017-07-02,0.7008724
2017-07-03,0.53008956
2017-07-04,0.60719645
2017-07-05,0.4842981
2017-07-06,0.5037977
2017-07-07,0.5338813
2017-07-08,0.5882316
2017-07-09,0.6416332
2017-07-10,0.5640838
2017-07-11,0.50998735
2017-07-12,0.5625542
2017-07-13,0.5920878
2017-07-14,0.5854002
2017-07-15,0.7033281
2017-07-16,0.63494456
2017-07-17,0.5967532
2017-07-18,0.55723643
2017-07-19,0.6211486
2017-07-20,0.6373726
2017-07-21,0.62810266
2017-07-22,0.71839505
2017-07-23,0.6701592
2017-07-24,0.5301261
2017-07-25,0.56625783
2017-07-26,0.5831938
2017-07-27,0.5778198
2017-07-28,0.6239147
2017-07-29,0.66392803
2017-07-30,0.64370954
2017-07-31,0.5909769
2017-08-01,0.6231428
2017-08-02,0.4872315
2017-08-03,0.51933545
2017-08-04,0.47850022
2017-08-05,0.6717134
2017-08-06,0.6237248
2017-08-07,0.5550763
2017-08-08,0.53879863
2017-08-09,0.6942635
2017-08-10,0.59109247
2017-08-11,0.5945852
2017-08-12,0.61404693
2017-08-13,0.65627974
2017-08-14,0.54962635
2017-08-15,0.5706084
2017-08-16,0.55326533
2017-08-17,0.59594697
2017-08-18,0.54130816
2017-08-19,0.6339218
2017-08-20,0.6614443
2017-08-21,0.55716807
2017-08-22,0.5894335
2017-08-23,0.5195968
2017-08-24,0.6709665
2017-08-25,0.6573539
2017-08-26,0.6768879
2017-08-27,0.67341787
2017-08-28,0.5671953
2017-08-29,0.5882659
2017-08-30,0.59681505
2017-08-31,0.52335244
2017-09-01,0.5485216
2017-09-02,0.7223167
2017-09-03,0.71701354
2017-09-04,0.7335182
2017-09-05,0.5946381
2017-09-06,0.5997525
2017-09-07,0.63608986
2017-09-08,0.59649473
2017-09-09,0.6807383
2017-09-10,0.62823176
2017-09-11,0.5205234
2017-09-12,0.5453839
2017-09-13,0.5272955
2017-09-14,0.5609555
2017-09-15,0.53760195
2017-09-16,0.6677158
2017-09-17,0.72758985
2017-09-18,0.5415709
2017-09-19,0.51710147
2017-09-20,0.52073634
2017-09-21,0.6068872
2017-09-22,0.49528867
2017-09-23,0.6755554
2017-09-24,0.64039963
2017-09-25,0.5573041
2017-09-26,0.56327474
2017-09-27,0.50213116
2017-09-28,0.63139296
2017-09-29,0.60512036
2017-09-30,0.7284839
2017-10-01,0.71287656
2017-10-02,0.5502976
2017-10-03,0.52611476
2017-10-04,0.5768734
2017-10-05,0.6297013
2017-10-06,0.6132097
2017-10-07,0.69625545
2017-10-08,0.6916849
2017-10-09,0.5841066
2017-10-10,0.48449764
2017-10-11,0.6297519
2017-10-12,0.6755435
2017-10-13,0.66258955
2017-10-14,0.59443825
2017-10-15,0.6902823
2017-10-16,0.6207615
2017-10-17,0.57746446
2017-10-18,0.51618975
2017-10-19,0.5977631
2017-10-20,0.62294906
2017-10-21,0.6968468
2017-10-22,0.5683026
2017-10-23,0.54533696
2017-10-24,0.62936103
2017-10-25,0.54091465
2017-10-26,0.6098127
2017-10-27,0.53551304
2017-10-28,0.68380916
2017-10-29,0.68598825
2017-10-30,0.6311384
2017-10-31,0.5631918
2017-11-01,0.5500555
2017-11-02,0.5393356
2017-11-03,0.6025975
2017-11-04,0.58415943
2017-11-05,0.68393654
2017-11-06,0.57122415
2017-11-07,0.60094416
2017-11-08,0.65676475
2017-11-09,0.56428456
2017-11-10,0.6339182
2017-11-11,0.7165807
2017-11-12,0.69549966
2017-11-13,0.5481577
2017-11-14,0.57145303
2017-11-15,0.6313449
2017-11-16,0.62250686
2017-11-17,0.6057553
2017-11-18,0.65636146
2017-11-19,0.68630624
2017-11-20,0.5955332
2017-11-21,0.5356162
2017-11-22,0.61502063
2017-11-23,0.6351858
2017-11-24,0.6050054
2017-11-25,0.68335027
2017-11-26,0.7222449
2017-11-27,0.6122321
2017-11-28,0.56124866
2017-11-29,0.528178
2017-11-30,0.57555807
2017-12-01,0.56249034
2017-12-02,0.72348946
2017-12-03,0.71947014
2017-12-04,0.629491
2017-12-05,0.6095833
2017-12-06,0.5567284
2017-12-07,0.6590637
2017-12-08,0.6260331
2017-12-09,0.7184437
2017-12-10,0.7163814
2017-12-11,0.5641932
2017-12-12,0.509643
2017-12-13,0.5602391
2017-12-14,0.6010898
2017-12-15,0.58017814
2017-12-16,0.6880867
2017-12-17,0.7195545
2017-12-18,0.5743611
2017-12-19,0.59910965
2017-12-20,0.6197587
2017-12-21,0.58284336
2017-12-22,0.6858751
2017-12-23,0.68560654
2017-12-24,0.729388
2017-12-25,0.76184565
2017-12-26,0.65931237
2017-12-27,0.5315105
2017-12-28,0.6365016
2017-12-29,0.6017451
2017-12-30,0.7021292
2017-12-31,0.68604785
2018-01-01,0.68563884
2018-01-02,0.50450915
2018-01-03,0.4715416
2018-01-04,0.53022623
2018-01-05,0.58338296
2018-01-06,0.66686594
2018-01-07,0.60750324
2018-01-08,0.54554987
2018-01-09,0.5374698
2018-01-10,0.59327185
2018-01-11,0.54301536
2018-01-12,0.6133789
2018-01-13,0.6937778
2018-01-14,0.6790374
2018-01-15,0.6224362
2018-01-16,0.49985018
2018-01-17,0.55105877
2018-01-18,0.55605507
2018-01-19,0.5932055
2018-01-20,0.6271465
2018-01-21,0.6640831
2018-01-22,0.54367036
2018-01-23,0.57446706
2018-01-24,0.57108545
2018-01-25,0.57834893
2018-01-26,0.52584356
2018-01-27,0.6659903
2018-01-28,0.696374
2018-01-29,0.6088585
2018-01-30,0.66328794
2018-01-31,0.54069644
2018-02-01,0.5317696
2018-02-02,0.5847948
2018-02-03,0.62187487
2018-02-04,0.685713
2018-02-05,0.6202773
2018-02-06,0.6311927
2018-02-07,0.4868638
2018-02-08,0.56160957
2018-02-09,0.5816731
2018-02-10,0.62156045
2018-02-11,0.6260623
2018-02-12,0.60829955
2018-02-13,0.5914726
2018-02-14,0.5746143
2018-02-15,0.55099994
2018-02-16,0.5353166
2018-02-17,0.71208924
2018-02-18,0.63660353
2018-02-19,0.54701513
2018-02-20,0.5410053
2018-02-21,0.59133726
2018-02-22,0.4990644
2018-02-23,0.5206011
2018-02-24,0.55321515
2018-02-25,0.5587283
2018-02-26,0.51631397
2018-02-27,0.59844404
2018-02-28,0.5322115
2018-03-01,0.54445815
2018-03-02,0.549115
2018-03-03,0.5269698
2018-03-04,0.55625427
2018-03-05,0.5390406
2018-03-06,0.6591043
2018-03-07,0.55995727
2018-03-08,0.57190883
2018-03-09,0.53837603
2018-03-10,0.60191065
2018-03-11,0.6459814
2018-03-12,0.50367963
2018-03-13,0.56953883
2018-03-14,0.5210136
2018-03-15,0.5588212
2018-03-16,0.6270733
2018-03-17,0.6289315
2018-03-18,0.65049
2018-03-19,0.5717375
2018-03-20,0.5054072
2018-03-21,0.49862793
2018-03-22,0.6316621
2018-03-23,0.59403133
2018-03-24,0.5621126
2018-03-25,0.6285763
2018-03-26,0.52731717
2018-03-27,0.53214073
2018-03-28,0.54095536
2018-03-29,0.5282064
2018-03-30,0.58089226
2018-03-31,0.6420059
2018-04-01,0.629961
2018-04-02,0.5249921
2018-04-03,0.4354448
2018-04-04,0.49043393
2018-04-05,0.50593746
2018-04-06,0.5300203
2018-04-07,0.5361731
2018-04-08,0.5549733
2018-04-09,0.5035788
2018-04-10,0.47231808
2018-04-11,0.56007844
2018-04-12,0.5712606
2018-04-13,0.513197
2018-04-14,0.56207865
2018-04-15,0.6069298
2018-04-16,0.57134414
2018-04-17,0.52733195
2018-04-18,0.54737926
2018-04-19,0.53661877
2018-04-20,0.5186372
2018-04-21,0.6069835
2018-04-22,0.66556996
2018-04-23,0.6203426
2018-04-24,0.5543917
2018-04-25,0.55857897
2018-04-26,0.5764482
2018-04-27,0.5873763
2018-04-28,0.60612756
2018-04-29,0.6612568
2018-04-30,0.6349274
2018-05-01,0.596865
2018-05-02,0.547884
2018-05-03,0.5687338
2018-05-04,0.57382923
2018-05-05,0.6336279
2018-05-06,0.6553373
2018-05-07,0.59874165
2018-05-08,0.56758267
2018-05-09,0.53067136
2018-05-10,0.5833759
2018-05-11,0.53298986
2018-05-12,0.6186253
2018-05-13,0.58088356
2018-05-14,0.5708235
2018-05-15,0.5116731
2018-05-16,0.56389874
2018-05-17,0.60411006
2018-05-18,0.56863415
2018-05-19,0.62131023
2018-05-20,0.6205104
2018-05-21,0.5035463
2018-05-22,0.5778894
2018-05-23,0.5405854
2018-05-24,0.58035946
2018-05-25,0.58165616
2018-05-26,0.62309813
2018-05-27,0.66091466
2018-05-28,0.63764745
2018-05-29,0.58329815
2018-05-30,0.5365488
2018-05-31,0.579953
2018-06-01,0.5830967
2018-06-02,0.63151073
2018-06-03,0.59273434
2018-06-04,0.52021873
2018-06-05,0.5819538
2018-06-06,0.49056226
2018-06-07,0.51386756
2018-06-08,0.5160792
2018-06-09,0.62713873
2018-06-10,0.64182186
2018-06-11,0.54241604
2018-06-12,0.45996982
2018-06-13,0.5638765
2018-06-14,0.56630605
2018-06-15,0.56773025
2018-06-16,0.64748937
2018-06-17,0.61840904
2018-06-18,0.5660536
2018-06-19,0.5805598
2018-06-20,0.5698506
2018-06-21,0.62426066
2018-06-22,0.5658825
2018-06-23,0.6139076
2018-06-24,0.6480341
2018-06-25,0.5778658
2018-06-26,0.6090555
2018-06-27,0.61282295
2018-06-28,0.5502219
2018-06-29,0.5830615
2018-06-30,0.63581294
2018-07-01,0.6101266
2018-07-02,0.5186766
2018-07-03,0.58073497
2018-07-04,0.64047694
2018-07-05,0.59022164
2018-07-06,0.6035989
2018-07-07,0.6625629
2018-07-08,0.6663854
2018-07-09,0.5817862
2018-07-10,0.5733577
2018-07-11,0.57817024
2018-07-12,0.5987137
2018-07-13,0.61554295
2018-07-14,0.6737127
2018-07-15,0.65751714
2018-07-16,0.5793823
2018-07-17,0.54516727
2018-07-18,0.5804583
2018-07-19,0.6783264
2018-07-20,0.6117756
2018-07-21,0.65916413
2018-07-22,0.64465475
2018-07-23,0.5882396
2018-07-24,0.5789125
2018-07-25,0.5730742
2018-07-26,0.61207914
2018-07-27,0.6271242
2018-07-28,0.6992379
2018-07-29,0.6748125
2018-07-30,0.6115761
2018-07-31,0.61082125
2018-08-01,0.53192806
2018-08-02,0.48393503
2018-08-03,0.5552437
2018-08-04,0.5621606
2018-08-05,0.6147968
2018-08-06,0.5855252
2018-08-07,0.62086856
2018-08-08,0.65752625
2018-08-09,0.6442121
2018-08-10,0.65137714
2018-08-11,0.6596428
2018-08-12,0.68380636
2018-08-13,0.6346263
2018-08-14,0.6624105
2018-08-15,0.61985147
2018-08-16,0.5800296
2018-08-17,0.5907688
2018-08-18,0.6332904
2018-08-19,0.6591346
2018-08-20,0.5501272
2018-08-21,0.5873697
2018-08-22,0.606339
2018-08-23,0.62648034
2018-08-24,0.6474338
2018-08-25,0.65489024
2018-08-26,0.65270597
2018-08-27,0.58446616
2018-08-28,0.6169477
2018-08-29,0.6252007
2018-08-30,0.6285097
2018-08-31,0.65500075
2018-09-01,0.6592436
2018-09-02,0.6437265
2018-09-03,0.6383473
2018-09-04,0.59372926
2018-09-05,0.6147711
2018-09-06,0.5676704
2018-09-07,0.6032377
2018-09-08,0.6385636
2018-09-09,0.6394513
2018-09-10,0.55666465
2018-09-11,0.57989204
2018-09-12,0.5769642
2018-09-13,0.58888793
2018-09-14,0.6151247
2018-09-15,0.6509663
2018-09-16,0.6460224
2018-09-17,0.5934595
2018-09-18,0.6063688
2018-09-19,0.60366213
2018-09-20,0.5813049
2018-09-21,0.59026694
2018-09-22,0.6764715
2018-09-23,0.66318214
2018-09-24,0.59513474
2018-09-25,0.6119616
2018-09-26,0.56248164
2018-09-27,0.59242964
2018-09-28,0.5949326
2018-09-29,0.6126174
2018-09-30,0.5998557
2018-10-01,0.5345081
2018-10-02,0.536989
2018-10-03,0.57226825
2018-10-04,0.6060545
2018-10-05,0.6179286
2018-10-06,0.6873758
2018-10-07,0.6408942
2018-10-08,0.5856601
2018-10-09,0.5613756
2018-10-10,0.59241426
2018-10-11,0.604307
2018-10-12,0.61226153
2018-10-13,0.63965416
2018-10-14,0.6362838
2018-10-15,0.5970321
2018-10-16,0.5631213
2018-10-17,0.6004455
2018-10-18,0.60585463
2018-10-19,0.5918649
2018-10-20,0.6460568
2018-10-21,0.6282658
2018-10-22,0.6363848
2018-10-23,0.53731436
2018-10-24,0.50740427
2018-10-25,0.48787954
2018-10-26,0.571967
2018-10-27,0.6170854
2018-10-28,0.6222437
2018-10-29,0.5633915
2018-10-30,0.6141976
2018-10-31,0.5467766
2018-11-01,0.59454787
2018-11-02,0.5879609
2018-11-03,0.616127
2018-11-04,0.6500612
2018-11-05,0.5960706
2018-11-06,0.5967457
2018-11-07,0.5808808
2018-11-08,0.6269903
2018-11-09,0.5941904
2018-11-10,0.63536084
2018-11-11,0.66281384
2018-11-12,0.56490684
2018-11-13,0.584891
2018-11-14,0.59618366
2018-11-15,0.59175265
2018-11-16,0.5468535
2018-11-17,0.64926755
2018-11-18,0.6519447
2018-11-19,0.5532592
2018-11-20,0.577711
2018-11-21,0.61139566
2018-11-22,0.58221984
2018-11-23,0.59254515
2018-11-24,0.6267483
2018-11-25,0.66590875
2018-11-26,0.57859653
2018-11-27,0.55781615
2018-11-28,0.62081724
2018-11-29,0.6083165
2018-11-30,0.58563805
2018-12-01,0.63579404
2018-12-02,0.60239094
2018-12-03,0.5477795
2018-12-04,0.55415404
2018-12-05,0.58878547
2018-12-06,0.5462044
2018-12-07,0.5525028
2018-12-08,0.61341864
2018-12-09,0.653493
2018-12-10,0.63442165
2018-12-11,0.5819355
2018-12-12,0.56103545
2018-12-13,0.51854813
2018-12-14,0.56297696
2018-12-15,0.60766554
2018-12-16,0.6196626
2018-12-17,0.61536026
2018-12-18,0.61141086
2018-12-19,0.66847336
2018-12-20,0.6256496
2018-12-21,0.58299774
2018-12-22,0.6398909
2018-12-23,0.6490033
2018-12-24,0.58994114
2018-12-25,0.6223728
2018-12-26,0.543399
2018-12-27,0.5808158
2018-12-28,0.5903373
2018-12-29,0.66140246
2018-12-30,0.62451
2018-12-31,0.5881106
2019-01-01,0.65334934
2019-01-02,0.48436213
2019-01-03,0.5675286
2019-01-04,0.5884836
2019-01-05,0.62742484
2019-01-06,0.66100085
2019-01-07,0.57008153
2019-01-08,0.6053227
2019-01-09,0.59706914
2019-01-10,0.5984304
2019-01-11,0.61231935
2019-01-12,0.6008755
2019-01-13,0.6488378
2019-01-14,0.619388
2019-01-15,0.5988632
2019-01-16,0.577903
2019-01-17,0.5958846
2019-01-18,0.4773969
2019-01-19,0.5818191
2019-01-20,0.58408827
2019-01-21,0.57553256
2019-01-22,0.5657631
2019-01-23,0.5252417
2019-01-24,0.5721159
2019-01-25,0.5984103
2019-01-26,0.58392686
2019-01-27,0.6483354
2019-01-28,0.5962814
2019-01-29,0.590162
2019-01-30,0.5365747
2019-01-31,0.55157906
2019-02-01,0.5660558
2019-02-02,0.6024692
2019-02-03,0.6099672
2019-02-04,0.5858514
2019-02-05,0.55974615
2019-02-06,0.54614735
2019-02-07,0.5738739
2019-02-08,0.57990277
2019-02-09,0.58831453
2019-02-10,0.59833854
2019-02-11,0.52108085
2019-02-12,0.58868784
2019-02-13,0.59367305
2019-02-14,0.6073628
2019-02-15,0.57654613
2019-02-16,0.61331606
2019-02-17,0.6122787
2019-02-18,0.5743153
2019-02-19,0.5609383
2019-02-20,0.5956757
2019-02-21,0.58257467
2019-02-22,0.5900364
2019-02-23,0.6104229
2019-02-24,0.62261474
2019-02-25,0.55674505
2019-02-26,0.597663
2019-02-27,0.5983815
2019-02-28,0.5901272
2019-03-01,0.56879133
2019-03-02,0.6028601
2019-03-03,0.64023924
2019-03-04,0.5853239
2019-03-05,0.55924803
2019-03-06,0.5851356
2019-03-07,0.5470489
2019-03-08,0.56553763
2019-03-09,0.60418594
2019-03-10,0.60179025
2019-03-11,0.54930866
2019-03-12,0.6231217
2019-03-13,0.6011717
2019-03-14,0.6455546
2019-03-15,0.6502012
2019-03-16,0.659132
2019-03-17,0.6180565
2019-03-18,0.58644456
2019-03-19,0.5978998
2019-03-20,0.59400827
2019-03-21,0.6187892
2019-03-22,0.5952701
2019-03-23,0.63236916
2019-03-24,0.64630073
2019-03-25,0.5825549
2019-03-26,0.5790531
2019-03-27,0.5954161
2019-03-28,0.580613
2019-03-29,0.54678607
2019-03-30,0.6851207
2019-03-31,0.65686816
2019-04-01,0.55189085
2019-04-02,0.5758842
2019-04-03,0.59493685
2019-04-04,0.519957
2019-04-05,0.577265
2019-04-06,0.63018745
2019-04-07,0.6074192
2019-04-08,0.558799
2019-04-09,0.5902238
2019-04-10,0.47976756
2019-04-11,0.5337181
2019-04-12,0.58120346
2019-04-13,0.64594066
2019-04-14,0.6383897
2019-04-15,0.6061851
2019-04-16,0.5941243
2019-04-17,0.5884365
2019-04-18,0.6221371
2019-04-19,0.6322076
2019-04-20,0.6513769
2019-04-21,0.65712434
2019-04-22,0.6481971
2019-04-23,0.63175607
2019-04-24,0.573488
2019-04-25,0.5640923
2019-04-26,0.5830108
2019-04-27,0.6252194
2019-04-28,0.6176351
2019-04-29,0.5502364
2019-04-30,0.60125256
2019-05-01,0.59697884
2019-05-02,0.5517592
2019-05-03,0.54798967
2019-05-04,0.61439544
2019-05-05,0.6264
2019-05-06,0.53607297
2019-05-07,0.5738675
2019-05-08,0.6087591
2019-05-09,0.61799747
2019-05-10,0.5857547
2019-05-11,0.642671
2019-05-12,0.6657237
2019-05-13,0.56999004
2019-05-14,0.5648526
2019-05-15,0.5725026
2019-05-16,0.5862376
2019-05-17,0.58106536
2019-05-18,0.62064683
2019-05-19,0.63021636
2019-05-20,0.5532274
2019-05-21,0.55958873
2019-05-22,0.574171
2019-05-23,0.5665707
2019-05-24,0.5822895
2019-05-25,0.6394419
2019-05-26,0.6390739
2019-05-27,0.62948525
2019-05-28,0.540922
2019-05-29,0.56209546
2019-05-30,0.5685748
2019-05-31,0.60572016
2019-06-01,0.6401652
2019-06-02,0.6799776
2019-06-03,0.6024451
2019-06-04,0.52194726
2019-06-05,0.5621693
2019-06-06,0.49240664
2019-06-07,0.5679282
2019-06-08,0.64162105
2019-06-09,0.65372604
2019-06-10,0.5510729
2019-06-11,0.6189242
2019-06-12,0.57571274
2019-06-13,0.58240503
2019-06-14,0.56649905
2019-06-15,0.6234813
2019-06-16,0.6584849
2019-06-17,0.561099
2019-06-18,0.54583985
2019-06-19,0.60147184
2019-06-20,0.519759
2019-06-21,0.59072673
2019-06-22,0.67466563
2019-06-23,0.6515147
2019-06-24,0.57061964
2019-06-25,0.6072024
2019-06-26,0.5771697
2019-06-27,0.5924188
2019-06-28,0.54862046
2019-06-29,0.6226924
2019-06-30,0.57298994
2019-07-01,0.5764279
2019-07-02,0.4755849
2019-07-03,0.49524465
2019-07-04,0.55878294
2019-07-05,0.5695516
2019-07-06,0.59947646
2019-07-07,0.62308216
2019-07-08,0.5923458
2019-07-09,0.6049869
2019-07-10,0.45749095
2019-07-11,0.54099077
2019-07-12,0.53645784
2019-07-13,0.6497594
2019-07-14,0.6607003
2019-07-15,0.5563662
2019-07-16,0.5341717
2019-07-17,0.5970079
2019-07-18,0.5866404
2019-07-19,0.581925
2019-07-20,0.6366465
2019-07-21,0.60452545
2019-07-22,0.59990823
2019-07-23,0.53970164
2019-07-24,0.5150012
2019-07-25,0.53103566
2019-07-26,0.5722192
2019-07-27,0.6187211
2019-07-28,0.61967796
2019-07-29,0.5590883
2019-07-30,0.53479564
2019-07-31,0.5765541
2019-08-01,0.5965722
2019-08-02,0.6331599
2019-08-03,0.6498233
2019-08-04,0.6626928
2019-08-05,0.62412477
2019-08-06,0.6319831
2019-08-07,0.59944695
2019-08-08,0.5964335
2019-08-09,0.6165733
2019-08-10,0.6703614
2019-08-11,0.64084125
2019-08-12,0.6654351
2019-08-13,0.66760945
2019-08-14,0.5919834
2019-08-15,0.59234524
2019-08-16,0.5604813
2019-08-17,0.6085339
2019-08-18,0.6632873
2019-08-19,0.5354283
2019-08-20,0.5236536
2019-08-21,0.5595488
2019-08-22,0.57276833
2019-08-23,0.54112214
2019-08-24,0.61192524
2019-08-25,0.5843831
2019-08-26,0.51827615
2019-08-27,0.5371473
2019-08-28,0.5604464
2019-08-29,0.5404504
2019-08-30,0.50791925
2019-08-31,0.5825367
2019-09-01,0.5566672
2019-09-02,0.559496
2019-09-03,0.5137603
2019-09-04,0.54656285
2019-09-05,0.4806792
2019-09-06,0.5582776
2019-09-07,0.5695095
2019-09-08,0.6719237
2019-09-09,0.58165336
2019-09-10,0.5694069
2019-09-11,0.5108953
2019-09-12,0.56427133
2019-09-13,0.6017503
2019-09-14,0.620105
2019-09-15,0.63258386
2019-09-16,0.56020796
2019-09-17,0.58488107
2019-09-18,0.57227755
2019-09-19,0.54893345
2019-09-20,0.60078466
2019-09-21,0.65203416
2019-09-22,0.69409573
2019-09-23,0.5912022
2019-09-24,0.5362405
2019-09-25,0.5674559
2019-09-26,0.5597231
2019-09-27,0.580148
2019-09-28,0.67787546
2019-09-29,0.6545559
2019-09-30,0.59791
2019-10-01,0.58497834
2019-10-02,0.5435258
2019-10-03,0.5361755
2019-10-04,0.5668213
2019-10-05,0.6798203
2019-10-06,0.6540469
2019-10-07,0.5412953
2019-10-08,0.5725145
2019-10-09,0.56627774
2019-10-10,0.5995546
2019-10-11,0.53332096
2019-10-12,0.64409953
2019-10-13,0.610065
2019-10-14,0.532737
2019-10-15,0.54992354
2019-10-16,0.5250785
2019-10-17,0.47889936
2019-10-18,0.5612727
2019-10-19,0.6410185
2019-10-20,0.64174885
2019-10-21,0.5669629
2019-10-22,0.59296733
2019-10-23,0.48567274
2019-10-24,0.47568697
2019-10-25,0.5198656
2019-10-26,0.5687736
2019-10-27,0.610165
2019-10-28,0.59428835
2019-10-29,0.54852563
2019-10-30,0.6111175
2019-10-31,0.58602947
2019-11-01,0.5802201
2019-11-02,0.6556346
2019-11-03,0.6209209
2019-11-04,0.53947145
2019-11-05,0.56367075
2019-11-06,0.53000367
2019-11-07,0.54281825
2019-11-08,0.6003018
2019-11-09,0.6408386
2019-11-10,0.6216331
2019-11-11,0.49502358
2019-11-12,0.5509457
2019-11-13,0.55043155
2019-11-14,0.5682946
2019-11-15,0.5938318
2019-11-16,0.6557914
2019-11-17,0.64675426
2019-11-18,0.58808994
2019-11-19,0.54867095
2019-11-20,0.5879906
2019-11-21,0.6070443
2019-11-22,0.66944623
2019-11-23,0.6710254
2019-11-24,0.6598297
2019-11-25,0.6257342
2019-11-26,0.6313896
2019-11-27,0.6235533
2019-11-28,0.68203616
2019-11-29,0.66445434
2019-11-30,0.6853546
2019-12-01,0.6668523
2019-12-02,0.5924681
2019-12-03,0.55968326
2019-12-04,0.57921594
2019-12-05,0.59379774
2019-12-06,0.579067
2019-12-07,0.6593236
2019-12-08,0.6586087
2019-12-09,0.5830028
2019-12-10,0.5847139
2019-12-11,0.55621254
2019-12-12,0.56743515
2019-12-13,0.56876445
2019-12-14,0.65203303
2019-12-15,0.59942657
2019-12-16,0.5003195
2019-12-17,0.52662957
2019-12-18,0.53567004
2019-12-19,0.5813369
2019-12-20,0.54887
2019-12-21,0.59881777
2019-12-22,0.62612253
2019-12-23,0.5603
2019-12-24,0.54719675
2019-12-25,0.628119
2019-12-26,0.52132535
2019-12-27,0.5339773
2019-12-28,0.64700687
2019-12-29,0.5994847
